User ID,Date,Time,Trial No.,Congruent/Incongruent,Expected Responce,User Response,Timestamp,,Bin,
20fvibi,1/14/2019,14:47:32,1,1,0,0,0.820316792,,0.1,
20fvibi,1/14/2019,14:47:32,2,2,3,3,0.770878077,,,
20fvibi,1/14/2019,14:47:32,3,0,2,2,0.837265968,,,
20fvibi,1/14/2019,14:47:32,4,1,1,1,0.619722843,,0.2,
20fvibi,1/14/2019,14:47:32,5,0,3,3,0.603328943,,,
20fvibi,1/14/2019,14:47:32,6,0,2,2,0.570458889,,,
20fvibi,1/14/2019,14:47:32,7,2,1,1,1.353495836,,,
20fvibi,1/14/2019,14:47:32,8,2,2,2,1.269227982,,,
20fvibi,1/14/2019,14:47:32,9,2,3,3,0.603849888,,,
20fvibi,1/14/2019,14:47:32,10,2,0,0,0.487538099,,,
20fvibi,1/14/2019,14:47:32,11,1,3,3,0.60296011,,0.3,
20fvibi,1/14/2019,14:47:32,12,2,0,0,0.57050395,,,
20fvibi,1/14/2019,14:47:32,13,2,1,1,0.519901991,,,
20fvibi,1/14/2019,14:47:32,13,0,1,-999,-999,,,
20fvibi,1/14/2019,14:47:32,14,0,1,1,0.987389088,,,
20fvibi,1/14/2019,14:47:32,15,0,0,0,0.586186171,,,
20fvibi,1/14/2019,14:47:32,16,0,0,0,0.587853909,,,
20fvibi,1/14/2019,14:47:32,17,0,3,3,0.737416029,,,
20fvibi,1/14/2019,14:47:32,17,1,2,-999,-999,,,
20fvibi,1/14/2019,14:47:32,18,2,2,2,0.671422005,,,
20fvibi,1/14/2019,14:47:32,19,1,1,1,1.169566154,,0.4,
20fvibi,1/14/2019,14:47:32,20,1,3,3,1.053991079,,0.5,
20fvibi,1/14/2019,14:47:32,21,1,2,2,0.669600964,,0.6,
20fvibi,1/14/2019,14:47:32,22,1,0,0,0.519607067,,0.7,
20fvibi,1/14/2019,14:47:32,23,1,0,0,0.403341055,,0.8,
20fvibi,1/14/2019,14:47:32,24,2,3,3,0.587533951,,,
User ID,Date,Time,Trial No.,Congruent/Incongruent,Expected Responce,User Response,Timestamp,,,
21fbhpa,1/24/2019,13:04:05,1,2,3,3,1.284053802,,,
21fbhpa,1/24/2019,13:04:05,2,0,0,0,0.82347703,,,
21fbhpa,1/24/2019,13:04:05,3,0,2,2,0.935292006,,,
21fbhpa,1/24/2019,13:04:05,4,1,3,3,0.519628048,,0.9,
21fbhpa,1/24/2019,13:04:05,5,1,1,1,0.803992987,,,
21fbhpa,1/24/2019,13:04:05,6,1,0,0,0.420014858,,,
21fbhpa,1/24/2019,13:04:05,7,2,2,2,0.571213007,,,
21fbhpa,1/24/2019,13:04:05,8,0,2,2,0.586364985,,,
21fbhpa,1/24/2019,13:04:05,9,2,3,3,0.603671074,,,
21fbhpa,1/24/2019,13:04:05,10,2,0,0,0.835027933,,,
21fbhpa,1/24/2019,13:04:05,11,2,2,2,0.870956898,,,
21fbhpa,1/24/2019,13:04:05,12,0,3,3,0.649960995,,,
21fbhpa,1/24/2019,13:04:05,13,2,1,1,0.736896038,,,
21fbhpa,1/24/2019,13:04:05,14,1,2,2,0.954201937,,,
21fbhpa,1/24/2019,13:04:05,15,0,3,3,0.703926086,,,
21fbhpa,1/24/2019,13:04:05,16,1,0,0,0.602697849,,,
21fbhpa,1/24/2019,13:04:05,17,1,1,1,0.454025984,,,
21fbhpa,1/24/2019,13:04:05,17,1,2,-999,-999,,,
21fbhpa,1/24/2019,13:04:05,18,2,0,0,0.820167065,,,
21fbhpa,1/24/2019,13:04:05,19,0,1,1,0.852397919,,,
21fbhpa,1/24/2019,13:04:05,20,0,0,0,0.620824099,,,
21fbhpa,1/24/2019,13:04:05,21,0,1,1,0.554396152,,,
21fbhpa,1/24/2019,13:04:05,22,2,1,1,0.686382055,,,
21fbhpa,1/24/2019,13:04:05,23,1,3,3,0.703016043,,,
21fbhpa,1/24/2019,13:04:05,24,2,3,3,0.551660061,,,
User ID,Date,Time,Trial No.,Congruent/Incongruent,Expected Responce,User Response,Timestamp,,,
21mberi,1/14/2019,14:37:06,0,2,3,-999,-999,,,
21mberi,1/14/2019,14:37:06,1,0,1,1,0.936964035,,,
21mberi,1/14/2019,14:37:06,2,2,1,1,0.820622921,,,
21mberi,1/14/2019,14:37:06,3,1,3,3,0.837329865,,,
21mberi,1/14/2019,14:37:06,4,1,1,1,0.770938873,,,
21mberi,1/14/2019,14:37:06,5,1,2,2,0.670902967,,,
21mberi,1/14/2019,14:37:06,6,0,0,0,0.971212149,,,
21mberi,1/14/2019,14:37:06,7,2,2,2,0.736860991,,,
21mberi,1/14/2019,14:37:06,8,2,2,2,0.686972857,,,
21mberi,1/14/2019,14:37:06,9,1,3,3,1.320730925,,,
21mberi,1/14/2019,14:37:06,10,1,0,0,0.753690004,,,
21mberi,1/14/2019,14:37:06,11,2,1,1,0.838239193,,,
21mberi,1/14/2019,14:37:06,12,0,3,3,0.570605993,,,
21mberi,1/14/2019,14:37:06,13,0,2,2,0.753529072,,,
21mberi,1/14/2019,14:37:06,14,0,0,0,0.670352936,,,
21mberi,1/14/2019,14:37:06,15,1,1,1,0.653958082,,,
21mberi,1/14/2019,14:37:06,16,0,3,3,0.636934996,,,
21mberi,1/14/2019,14:37:06,17,1,0,0,0.771242142,,,
21mberi,1/14/2019,14:37:06,18,2,0,0,0.753672123,,,
21mberi,1/14/2019,14:37:06,19,2,3,3,0.936984062,,,
21mberi,1/14/2019,14:37:06,20,2,0,0,0.853933811,,,
21mberi,1/14/2019,14:37:06,21,0,1,1,0.720578909,,,
21mberi,1/14/2019,14:37:06,22,1,2,2,1.104333878,,,
21mberi,1/14/2019,14:37:06,23,0,2,2,0.637046099,,,
21mberi,1/14/2019,14:37:06,24,2,3,3,1.02074194,,,
User ID,Date,Time,Trial No.,Congruent/Incongruent,Expected Responce,User Response,Timestamp,,,
22FANEB,1/15/2019,22:20:46,1,0,1,1,0.737254858,,,
22FANEB,1/15/2019,22:20:46,2,2,2,2,1.618456125,,,
22FANEB,1/15/2019,22:20:46,3,1,3,3,0.901743889,,,
22FANEB,1/15/2019,22:20:46,4,1,2,2,0.968957901,,,
22FANEB,1/15/2019,22:20:46,5,0,0,0,0.985694885,,,
22FANEB,1/15/2019,22:20:46,6,1,1,1,1.801259995,,,
22FANEB,1/15/2019,22:20:46,7,0,2,2,0.886420012,,,
22FANEB,1/15/2019,22:20:46,8,2,0,0,2.302470922,,,
22FANEB,1/15/2019,22:20:46,8,2,3,-999,-999,,,
22FANEB,1/15/2019,22:20:46,8,0,3,-999,-999,,,
22FANEB,1/15/2019,22:20:46,8,2,3,-999,-999,,,
22FANEB,1/15/2019,22:20:46,8,0,3,-999,-999,,,
22FANEB,1/15/2019,22:20:46,8,2,0,-999,-999,,,
22FANEB,1/15/2019,22:20:46,9,1,2,2,1.618555069,,,
22FANEB,1/15/2019,22:20:46,10,2,1,1,1.267289877,,,
22FANEB,1/15/2019,22:20:46,11,0,0,0,1.401954889,,,
22FANEB,1/15/2019,22:20:46,12,2,2,2,1.11954093,,,
22FANEB,1/15/2019,22:20:46,13,1,0,0,1.90267992,,,
22FANEB,1/15/2019,22:20:46,14,0,1,1,0.819176912,,,
22FANEB,1/15/2019,22:20:46,14,1,3,-999,-999,,,
22FANEB,1/15/2019,22:20:46,15,1,1,1,1.30154109,,,
22FANEB,1/15/2019,22:20:46,16,0,2,2,1.250722885,,,
22FANEB,1/15/2019,22:20:46,17,1,0,0,1.452886105,,,
22FANEB,1/15/2019,22:20:46,18,2,1,1,1.118871212,,,
22FANEB,1/15/2019,22:20:46,19,0,1,1,1.102674961,,,
22FANEB,1/15/2019,22:20:46,19,2,2,-999,-999,,,
22FANEB,1/15/2019,22:20:46,20,1,3,3,1.752047062,,,
22FANEB,1/15/2019,22:20:46,21,1,2,2,1.252136946,,,
22FANEB,1/15/2019,22:20:46,22,0,0,0,1.068145037,,,
22FANEB,1/15/2019,22:20:46,23,1,1,1,0.917769194,,,
22FANEB,1/15/2019,22:20:46,24,0,2,2,0.90226078,,,
User ID,Date,Time,Trial No.,Congruent/Incongruent,Expected Responce,User Response,Timestamp,,,
22FRABH,1/24/2019,12:44:48,1,2,3,3,1.303595066,,,
22FRABH,1/24/2019,12:44:48,2,1,3,3,0.752781868,,,
22FRABH,1/24/2019,12:44:48,3,0,1,1,0.954128981,,,
22FRABH,1/24/2019,12:44:48,4,2,0,0,0.836632013,,,
22FRABH,1/24/2019,12:44:48,5,1,3,3,1.254286051,,,
22FRABH,1/24/2019,12:44:48,6,2,3,3,0.536990881,,,
22FRABH,1/24/2019,12:44:48,7,1,1,1,0.871217012,,,
22FRABH,1/24/2019,12:44:48,8,0,3,3,1.16919589,,,
22FRABH,1/24/2019,12:44:48,9,0,2,2,0.836962938,,,
22FRABH,1/24/2019,12:44:48,10,1,0,0,1.285798073,,,
22FRABH,1/24/2019,12:44:48,11,0,0,0,0.702573061,,,
22FRABH,1/24/2019,12:44:48,12,0,0,0,0.619754076,,,
22FRABH,1/24/2019,12:44:48,13,1,1,1,0.920193195,,,
22FRABH,1/24/2019,12:44:48,14,2,1,1,0.686162949,,,
22FRABH,1/24/2019,12:44:48,15,2,2,2,1.268401861,,,
22FRABH,1/24/2019,12:44:48,16,1,2,2,0.504177094,,,
22FRABH,1/24/2019,12:44:48,17,2,2,2,0.486623049,,,
22FRABH,1/24/2019,12:44:48,18,2,1,1,1.320493937,,,
22FRABH,1/24/2019,12:44:48,19,0,3,3,0.686126947,,,
22FRABH,1/24/2019,12:44:48,20,0,1,1,0.666805029,,,
22FRABH,1/24/2019,12:44:48,21,1,0,0,0.820082188,,,
22FRABH,1/24/2019,12:44:48,22,0,2,2,0.737012863,,,
22FRABH,1/24/2019,12:44:48,23,1,2,2,0.469698906,,,
22FRABH,1/24/2019,12:44:48,24,2,0,0,0.702568054,,,
User ID,Date,Time,Trial No.,Congruent/Incongruent,Expected Responce,User Response,Timestamp,,,
22MRNSA,1/14/2019,22:29:45,1,0,0,0,2.019770145,,,
22MRNSA,1/14/2019,22:29:45,2,0,0,0,0.751602888,,,
22MRNSA,1/14/2019,22:29:45,3,2,2,2,1.253801107,,,
22MRNSA,1/14/2019,22:29:45,4,1,3,3,1.797651052,,,
22MRNSA,1/14/2019,22:29:45,5,1,1,1,0.785629988,,,
22MRNSA,1/14/2019,22:29:45,6,1,0,0,0.685207129,,,
22MRNSA,1/14/2019,22:29:45,7,2,0,0,0.835978985,,,
22MRNSA,1/14/2019,22:29:45,8,1,1,1,1.620800018,,,
22MRNSA,1/14/2019,22:29:45,9,0,1,1,0.952431917,,,
22MRNSA,1/14/2019,22:29:45,10,2,1,1,1.218792915,,,
22MRNSA,1/14/2019,22:29:45,11,1,2,2,1.152963161,,,
Last login: Sun Jan 27 16:45:07 on console
Bhavyas-MacBook-Pro:~ bhavya$ cd /Users/bhavya/Documents/GitHub/group5Repo/PSY_G5 
Bhavyas-MacBook-Pro:PSY_G5 bhavya$ vim-diff 
.DS_Store               24mdera.csv             27fumra.csv
20fvibi.csv             24myosa.csv             27madgo.csv
21fbhpa.csv             25fanpa.csv             28fhefa.csv
21mberi.csv             25fiswe.csv             28mobal.csv
22faneb.csv             25fnasa.csv             29mstba.csv
22frabh.csv             25madsa.csv             Congruent.xlsx
22mrnsa.csv             25maksh.csv             Incongruent-Color.xlsx
23fanbo.csv             25mminn.csv             Incongruent-Shape.xlsx
23fmnlb.csv             25mrrais.csv            all_data.csv
23mzura.csv             26fchsa.csv             combine.csv
24fbada.csv             26fkagu.csv             congruent.csv
24fragi.csv             26mpnko.csv             
24masva.csv             27fclis.csv             
Bhavyas-MacBook-Pro:PSY_G5 bhavya$ vim-diff 
.DS_Store               24mdera.csv             27fumra.csv
20fvibi.csv             24myosa.csv             27madgo.csv
21fbhpa.csv             25fanpa.csv             28fhefa.csv
21mberi.csv             25fiswe.csv             28mobal.csv
22faneb.csv             25fnasa.csv             29mstba.csv
22frabh.csv             25madsa.csv             Congruent.xlsx
22mrnsa.csv             25maksh.csv             Incongruent-Color.xlsx
23fanbo.csv             25mminn.csv             Incongruent-Shape.xlsx
23fmnlb.csv             25mrrais.csv            all_data.csv
23mzura.csv             26fchsa.csv             combine.csv
24fbada.csv             26fkagu.csv             congruent.csv
24fragi.csv             26mpnko.csv             
24masva.csv             27fclis.csv             
Bhavyas-MacBook-Pro:PSY_G5 bhavya$ vim-diff combine.csv all_data.csv 
-bash: vim-diff: command not found
Bhavyas-MacBook-Pro:PSY_G5 bhavya$ vim
Bhavyas-MacBook-Pro:PSY_G5 bhavya$ vim -diff combine.csv all_data.csv 
VIM - Vi IMproved 8.0 (2016 Sep 12, compiled Aug 17 2018 17:24:51)
Garbage after option argument: "-diff"
More info with: "vim -h"
Bhavyas-MacBook-Pro:PSY_G5 bhavya$ vom -h
-bash: vom: command not found
Bhavyas-MacBook-Pro:PSY_G5 bhavya$ vim -h
VIM - Vi IMproved 8.0 (2016 Sep 12, compiled Aug 17 2018 17:24:51)

usage: vim [arguments] [file ..]       edit specified file(s)
   or: vim [arguments] -               read text from stdin
   or: vim [arguments] -t tag          edit file where tag is defined
   or: vim [arguments] -q [errorfile]  edit file with first error

Arguments:
   --			Only file names after this
   -v			Vi mode (like "vi")
   -e			Ex mode (like "ex")
   -E			Improved Ex mode
   -s			Silent (batch) mode (only for "ex")
   -d			Diff mode (like "vimdiff")
   -y			Easy mode (like "evim", modeless)
   -R			Readonly mode (like "view")
   -Z			Restricted mode (like "rvim")
   -m			Modifications (writing files) not allowed
   -M			Modifications in text not allowed
   -b			Binary mode
   -l			Lisp mode
   -C			Compatible with Vi: 'compatible'
   -N			Not fully Vi compatible: 'nocompatible'
   -V[N][fname]		Be verbose [level N] [log messages to fname]
   -D			Debugging mode
   -n			No swap file, use memory only
   -r			List swap files and exit
   -r (with file name)	Recover crashed session
   -L			Same as -r
   -T <terminal>	Set terminal type to <terminal>
   --not-a-term		Skip warning for input/output not being a terminal
   --ttyfail		Exit if input or output is not a terminal
   -u <vimrc>		Use <vimrc> instead of any .vimrc
   --noplugin		Don't load plugin scripts
   -p[N]		Open N tab pages (default: one for each file)
   -o[N]		Open N windows (default: one for each file)
   -O[N]		Like -o but split vertically
   +			Start at end of file
   +<lnum>		Start at line <lnum>
   --cmd <command>	Execute <command> before loading any vimrc file
   -c <command>		Execute <command> after loading the first file
   -S <session>		Source file <session> after loading the first file
   -s <scriptin>	Read Normal mode commands from file <scriptin>
   -w <scriptout>	Append all typed commands to file <scriptout>
   -W <scriptout>	Write all typed commands to file <scriptout>
   -x			Edit encrypted files
   --startuptime <file>	Write startup timing messages to <file>
   -i <viminfo>		Use <viminfo> instead of .viminfo
   --clean		'nocompatible', Vim defaults, no plugins, no viminfo
   -h  or  --help	Print Help (this message) and exit
   --version		Print version information and exit
Bhavyas-MacBook-Pro:PSY_G5 bhavya$ vim -d combine.csv all_data.csv 
2 files to edit

  22MRNSA,1/14/2019,22:29:45,12,2,0,0,1.|  22MRNSA,01/14/2019,22:29:45,12,2,0,0,1.6689739227294922                                                                                                                                            
  22MRNSA,1/14/2019,22:29:45,12,2,3,-999|  22MRNSA,01/14/2019,22:29:45,12,2,3,-999,-999                                                                                                                                                       
  22MRNSA,1/14/2019,22:29:45,13,0,2,2,1.|  22MRNSA,01/14/2019,22:29:45,13,0,2,2,1.2398390769958496                                                                                                                                            
  22MRNSA,1/14/2019,22:29:45,14,0,3,3,1.|  22MRNSA,01/14/2019,22:29:45,14,0,3,3,1.3195700645446777                                                                                                                                            
  22MRNSA,1/14/2019,22:29:45,15,1,2,2,1.|  22MRNSA,01/14/2019,22:29:45,15,1,2,2,1.0876128673553467                                                                                                                                            
  22MRNSA,1/14/2019,22:29:45,16,2,2,2,1.|  22MRNSA,01/14/2019,22:29:45,16,2,2,2,1.2484259605407715                                                                                                                                            
  22MRNSA,1/14/2019,22:29:45,17,2,1,1,1.|  22MRNSA,01/14/2019,22:29:45,17,2,1,1,1.653939962387085                                                                                                                                             
  22MRNSA,1/14/2019,22:29:45,18,1,0,0,1.|  22MRNSA,01/14/2019,22:29:45,18,1,0,0,1.0025238990783691                                                                                                                                            
  22MRNSA,1/14/2019,22:29:45,19,0,1,1,1.|  22MRNSA,01/14/2019,22:29:45,19,0,1,1,1.284754991531372                                                                                                                                             
  22MRNSA,1/14/2019,22:29:45,19,0,3,-999|  22MRNSA,01/14/2019,22:29:45,19,0,3,-999,-999                                                                                                                                                       
  22MRNSA,1/14/2019,22:29:45,19,2,3,-999|  22MRNSA,01/14/2019,22:29:45,19,2,3,-999,-999                                                                                                                                                       
  22MRNSA,1/14/2019,22:29:45,20,0,2,2,1.|  22MRNSA,01/14/2019,22:29:45,20,0,2,2,1.5856420993804932                                                                                                                                            
  22MRNSA,1/14/2019,22:29:45,20,1,3,-999|  22MRNSA,01/14/2019,22:29:45,20,1,3,-999,-999                                                                                                                                                       
  22MRNSA,1/14/2019,22:29:45,21,0,0,0,0.|  22MRNSA,01/14/2019,22:29:45,21,0,0,0,0.9238021373748779                                                                                                                                            
  22MRNSA,1/14/2019,22:29:45,22,0,0,0,1.|  22MRNSA,01/14/2019,22:29:45,22,0,0,0,1.051156997680664                                                                                                                                             
  22MRNSA,1/14/2019,22:29:45,23,2,2,2,1.|  22MRNSA,01/14/2019,22:29:45,23,2,2,2,1.120851993560791                                                                                                                                             
  22MRNSA,1/14/2019,22:29:45,23,1,3,-999|  22MRNSA,01/14/2019,22:29:45,23,1,3,-999,-999                                                                                                                                                       
  22MRNSA,1/14/2019,22:29:45,24,1,1,1,1.|  22MRNSA,01/14/2019,22:29:45,24,1,1,1,1.3196518421173096                                                                                                                                            
  User ID,Date,Time,Trial No.,Congruent/|  User ID,Date,Time,Trial No.,Congruent/Incongruent,Expected Responce,User Response,Timestamp                                                                                                        
  23FANBO,1/14/2019,22:56:25,1,2,1,1,1.1|  23FANBO,01/14/2019,22:56:25,1,2,1,1,1.1088190078735352                                                                                                                                             
  23FANBO,1/14/2019,22:56:25,2,1,1,1,2.3|  23FANBO,01/14/2019,22:56:25,2,1,1,1,2.386392116546631                                                                                                                                              
  23FANBO,1/14/2019,22:56:25,2,0,0,-999,|  23FANBO,01/14/2019,22:56:25,2,0,0,-999,-999                                                                                                                                                        
  23FANBO,1/14/2019,22:56:25,2,2,3,-999,|  23FANBO,01/14/2019,22:56:25,2,2,3,-999,-999                                                                                                                                                        
  23FANBO,1/14/2019,22:56:25,2,0,3,-999,|  23FANBO,01/14/2019,22:56:25,2,0,3,-999,-999                                                                                                                                                        
  23FANBO,1/14/2019,22:56:25,3,2,2,2,1.0|  23FANBO,01/14/2019,22:56:25,3,2,2,2,1.075273036956787                                                                                                                                              
  23FANBO,1/14/2019,22:56:25,4,0,1,1,1.8|  23FANBO,01/14/2019,22:56:25,4,0,1,1,1.819472074508667                                                                                                                                              
  23FANBO,1/14/2019,22:56:25,5,1,2,2,1.0|  23FANBO,01/14/2019,22:56:25,5,1,2,2,1.068256139755249                                                                                                                                              
  23FANBO,1/14/2019,22:56:25,6,1,3,3,2.1|  23FANBO,01/14/2019,22:56:25,6,1,3,3,2.1144750118255615                                                                                                                                             
  23FANBO,1/14/2019,22:56:25,7,1,1,1,0.6|  23FANBO,01/14/2019,22:56:25,7,1,1,1,0.6205530166625977                                                                                                                                             
  23FANBO,1/14/2019,22:56:25,7,1,3,-999,|  23FANBO,01/14/2019,22:56:25,7,1,3,-999,-999                                                                                                                                                        
  23FANBO,1/14/2019,22:56:25,7,0,0,-999,|  23FANBO,01/14/2019,22:56:25,7,0,0,-999,-999                                                                                                                                                        
  23FANBO,1/14/2019,22:56:25,8,2,0,0,1.9|  23FANBO,01/14/2019,22:56:25,8,2,0,0,1.9523909091949463                                                                                                                                             
  23FANBO,1/14/2019,22:56:25,9,2,1,1,0.4|  23FANBO,01/14/2019,22:56:25,9,2,1,1,0.43677783012390137                                                                                                                                            
  23FANBO,1/14/2019,22:56:25,10,1,2,2,1.|  23FANBO,01/14/2019,22:56:25,10,1,2,2,1.6151361465454102                                                                                                                                            
  23FANBO,1/14/2019,22:56:25,11,0,3,3,0.|  23FANBO,01/14/2019,22:56:25,11,0,3,3,0.4980471134185791                                                                                                                                            
  23FANBO,1/14/2019,22:56:25,12,0,2,2,2.|  23FANBO,01/14/2019,22:56:25,12,0,2,2,2.1983489990234375                                                                                                                                            
  23FANBO,1/14/2019,22:56:25,12,2,2,-999|  23FANBO,01/14/2019,22:56:25,12,2,2,-999,-999                                                                                                                                                       
  23FANBO,1/14/2019,22:56:25,13,1,0,0,0.|  23FANBO,01/14/2019,22:56:25,13,1,0,0,0.8352699279785156                                                                                                                                            
  23FANBO,1/14/2019,22:56:25,14,1,0,0,0.|  23FANBO,01/14/2019,22:56:25,14,1,0,0,0.8684790134429932                                                                                                                                            
  23FANBO,1/14/2019,22:56:25,15,0,2,2,1.|  23FANBO,01/14/2019,22:56:25,15,0,2,2,1.9399919509887695                                                                                                                                            
  23FANBO,1/14/2019,22:56:25,16,2,0,0,2.|  23FANBO,01/14/2019,22:56:25,16,2,0,0,2.4200239181518555                                                                                                                                            
  23FANBO,1/14/2019,22:56:25,17,0,1,1,0.|  23FANBO,01/14/2019,22:56:25,17,0,1,1,0.6635549068450928                                                                                                                                            
  23FANBO,1/14/2019,22:56:25,18,2,3,3,0.|  23FANBO,01/14/2019,22:56:25,18,2,3,3,0.6137728691101074                                                                                                                                            
  23FANBO,1/14/2019,22:56:25,19,2,1,1,2.|  23FANBO,01/14/2019,22:56:25,19,2,1,1,2.1014339923858643                                                                                                                                            
  23FANBO,1/14/2019,22:56:25,20,1,1,1,1.|  23FANBO,01/14/2019,22:56:25,20,1,1,1,1.902979850769043                                                                                                                                             
  23FANBO,1/14/2019,22:56:25,20,0,0,-999|  23FANBO,01/14/2019,22:56:25,20,0,0,-999,-999                                                                                                                                                       
  23FANBO,1/14/2019,22:56:25,21,2,3,3,1.|  23FANBO,01/14/2019,22:56:25,21,2,3,3,1.3867931365966797                                                                                                                                            
  23FANBO,1/14/2019,22:56:25,22,0,3,3,1.|  23FANBO,01/14/2019,22:56:25,22,0,3,3,1.2858479022979736                                                                                                                                            
  23FANBO,1/14/2019,22:56:25,22,2,2,-999|  23FANBO,01/14/2019,22:56:25,22,2,2,-999,-999                                                                                                                                                       
  23FANBO,1/14/2019,22:56:25,23,0,1,1,2.|  23FANBO,01/14/2019,22:56:25,23,0,1,1,2.518110990524292                                                                                                                                             
  23FANBO,1/14/2019,22:56:25,24,1,2,2,1.|  23FANBO,01/14/2019,22:56:25,24,1,2,2,1.1862950325012207                                                                                                                                            
  User ID,Date,Time,Trial No.,Congruent/|  User ID,Date,Time,Trial No.,Congruent/Incongruent,Expected Responce,User Response,Timestamp                                                                                                        
  23FMNLB,1/15/2019,16:57:06,1,1,0,0,1.6|  23FMNLB,01/15/2019,16:57:06,1,1,0,0,1.6707429885864258                                                                                                                                             
  23FMNLB,1/15/2019,16:57:06,1,1,2,-999,|  23FMNLB,01/15/2019,16:57:06,1,1,2,-999,-999                                                                                                                                                        
  23FMNLB,1/15/2019,16:57:06,2,0,0,0,1.6|  23FMNLB,01/15/2019,16:57:06,2,0,0,0,1.6882669925689697                                                                                                                                             
  23FMNLB,1/15/2019,16:57:06,3,2,1,1,1.8|  23FMNLB,01/15/2019,16:57:06,3,2,1,1,1.822058916091919                                                                                                                                              
  23FMNLB,1/15/2019,16:57:06,4,0,2,2,1.3|  23FMNLB,01/15/2019,16:57:06,4,0,2,2,1.3037731647491455                                                                                                                                             
  23FMNLB,1/15/2019,16:57:06,5,2,2,2,1.6|  23FMNLB,01/15/2019,16:57:06,5,2,2,2,1.6217989921569824                                                                                                                                             
  23FMNLB,1/15/2019,16:57:06,6,1,1,1,2.0|  23FMNLB,01/15/2019,16:57:06,6,1,1,1,2.0383129119873047                                                                                                                                             
  23FMNLB,1/15/2019,16:57:06,7,0,0,0,0.6|  23FMNLB,01/15/2019,16:57:06,7,0,0,0,0.6028320789337158                                                                                                                                             
  23FMNLB,1/15/2019,16:57:06,8,0,1,1,1.9|  23FMNLB,01/15/2019,16:57:06,8,0,1,1,1.9036219120025635                                                                                                                                             
  23FMNLB,1/15/2019,16:57:06,8,2,0,-999,|  23FMNLB,01/15/2019,16:57:06,8,2,0,-999,-999                                                                                                                                                        
  23FMNLB,1/15/2019,16:57:06,8,0,3,-999,|  23FMNLB,01/15/2019,16:57:06,8,0,3,-999,-999                                                                                                                                                        
  23FMNLB,1/15/2019,16:57:06,8,2,1,-999,|  23FMNLB,01/15/2019,16:57:06,8,2,1,-999,-999                                                                                                                                                        
  23FMNLB,1/15/2019,16:57:06,9,1,2,2,1.2|  23FMNLB,01/15/2019,16:57:06,9,1,2,2,1.2538440227508545                                                                                                                                             
  23FMNLB,1/15/2019,16:57:06,10,0,2,2,0.|  23FMNLB,01/15/2019,16:57:06,10,0,2,2,0.7539868354797363                                                                                                                                            
  23FMNLB,1/15/2019,16:57:06,11,2,2,2,0.|  23FMNLB,01/15/2019,16:57:06,11,2,2,2,0.6211299896240234                                                                                                                                            
  23FMNLB,1/15/2019,16:57:06,12,0,3,3,0.|  23FMNLB,01/15/2019,16:57:06,12,0,3,3,0.9366419315338135                                                                                                                                            
  23FMNLB,1/15/2019,16:57:06,13,1,3,3,1.|  23FMNLB,01/15/2019,16:57:06,13,1,3,3,1.036992073059082                                                                                                                                             
  23FMNLB,1/15/2019,16:57:06,14,2,3,3,1.|  23FMNLB,01/15/2019,16:57:06,14,2,3,3,1.6039600372314453                                                                                                                                            
  23FMNLB,1/15/2019,16:57:06,15,1,3,3,1.|  23FMNLB,01/15/2019,16:57:06,15,1,3,3,1.953902006149292                                                                                                                                             
  23FMNLB,1/15/2019,16:57:06,16,2,3,3,0.|  23FMNLB,01/15/2019,16:57:06,16,2,3,3,0.7707581520080566                                                                                                                                            
combine.csv                              all_data.csv                                                                                                                                                                                         

22MRNSA,1/14/2019,22:29:45,12,2,0,0,1.668973923,,,
22MRNSA,1/14/2019,22:29:45,12,2,3,-999,-999,,,
22MRNSA,1/14/2019,22:29:45,13,0,2,2,1.239839077,,,
22MRNSA,1/14/2019,22:29:45,14,0,3,3,1.319570065,,,
22MRNSA,1/14/2019,22:29:45,15,1,2,2,1.087612867,,,
22MRNSA,1/14/2019,22:29:45,16,2,2,2,1.248425961,,,
22MRNSA,1/14/2019,22:29:45,17,2,1,1,1.653939962,,,
22MRNSA,1/14/2019,22:29:45,18,1,0,0,1.002523899,,,
22MRNSA,1/14/2019,22:29:45,19,0,1,1,1.284754992,,,
22MRNSA,1/14/2019,22:29:45,19,0,3,-999,-999,,,
22MRNSA,1/14/2019,22:29:45,19,2,3,-999,-999,,,
22MRNSA,1/14/2019,22:29:45,20,0,2,2,1.585642099,,,
22MRNSA,1/14/2019,22:29:45,20,1,3,-999,-999,,,
22MRNSA,1/14/2019,22:29:45,21,0,0,0,0.923802137,,,
22MRNSA,1/14/2019,22:29:45,22,0,0,0,1.051156998,,,
22MRNSA,1/14/2019,22:29:45,23,2,2,2,1.120851994,,,
22MRNSA,1/14/2019,22:29:45,23,1,3,-999,-999,,,
22MRNSA,1/14/2019,22:29:45,24,1,1,1,1.319651842,,,
User ID,Date,Time,Trial No.,Congruent/Incongruent,Expected Responce,User Response,Timestamp,,,
23FANBO,1/14/2019,22:56:25,1,2,1,1,1.108819008,,,
23FANBO,1/14/2019,22:56:25,2,1,1,1,2.386392117,,,
23FANBO,1/14/2019,22:56:25,2,0,0,-999,-999,,,
23FANBO,1/14/2019,22:56:25,2,2,3,-999,-999,,,
23FANBO,1/14/2019,22:56:25,2,0,3,-999,-999,,,
23FANBO,1/14/2019,22:56:25,3,2,2,2,1.075273037,,,
23FANBO,1/14/2019,22:56:25,4,0,1,1,1.819472075,,,
23FANBO,1/14/2019,22:56:25,5,1,2,2,1.06825614,,,
23FANBO,1/14/2019,22:56:25,6,1,3,3,2.114475012,,,
23FANBO,1/14/2019,22:56:25,7,1,1,1,0.620553017,,,
23FANBO,1/14/2019,22:56:25,7,1,3,-999,-999,,,
23FANBO,1/14/2019,22:56:25,7,0,0,-999,-999,,,
23FANBO,1/14/2019,22:56:25,8,2,0,0,1.952390909,,,
23FANBO,1/14/2019,22:56:25,9,2,1,1,0.43677783,,,
23FANBO,1/14/2019,22:56:25,10,1,2,2,1.615136147,,,
23FANBO,1/14/2019,22:56:25,11,0,3,3,0.498047113,,,
23FANBO,1/14/2019,22:56:25,12,0,2,2,2.198348999,,,
23FANBO,1/14/2019,22:56:25,12,2,2,-999,-999,,,
23FANBO,1/14/2019,22:56:25,13,1,0,0,0.835269928,,,
23FANBO,1/14/2019,22:56:25,14,1,0,0,0.868479013,,,
23FANBO,1/14/2019,22:56:25,15,0,2,2,1.939991951,,,
23FANBO,1/14/2019,22:56:25,16,2,0,0,2.420023918,,,
23FANBO,1/14/2019,22:56:25,17,0,1,1,0.663554907,,,
23FANBO,1/14/2019,22:56:25,18,2,3,3,0.613772869,,,
23FANBO,1/14/2019,22:56:25,19,2,1,1,2.101433992,,,
23FANBO,1/14/2019,22:56:25,20,1,1,1,1.902979851,,,
23FANBO,1/14/2019,22:56:25,20,0,0,-999,-999,,,
23FANBO,1/14/2019,22:56:25,21,2,3,3,1.386793137,,,
23FANBO,1/14/2019,22:56:25,22,0,3,3,1.285847902,,,
23FANBO,1/14/2019,22:56:25,22,2,2,-999,-999,,,
23FANBO,1/14/2019,22:56:25,23,0,1,1,2.518110991,,,
23FANBO,1/14/2019,22:56:25,24,1,2,2,1.186295033,,,
User ID,Date,Time,Trial No.,Congruent/Incongruent,Expected Responce,User Response,Timestamp,,,
23FMNLB,1/15/2019,16:57:06,1,1,0,0,1.670742989,,,
23FMNLB,1/15/2019,16:57:06,1,1,2,-999,-999,,,
23FMNLB,1/15/2019,16:57:06,2,0,0,0,1.688266993,,,
23FMNLB,1/15/2019,16:57:06,3,2,1,1,1.822058916,,,
23FMNLB,1/15/2019,16:57:06,4,0,2,2,1.303773165,,,
23FMNLB,1/15/2019,16:57:06,5,2,2,2,1.621798992,,,
23FMNLB,1/15/2019,16:57:06,6,1,1,1,2.038312912,,,
23FMNLB,1/15/2019,16:57:06,7,0,0,0,0.602832079,,,
23FMNLB,1/15/2019,16:57:06,8,0,1,1,1.903621912,,,
23FMNLB,1/15/2019,16:57:06,8,2,0,-999,-999,,,
23FMNLB,1/15/2019,16:57:06,8,0,3,-999,-999,,,
23FMNLB,1/15/2019,16:57:06,8,2,1,-999,-999,,,
23FMNLB,1/15/2019,16:57:06,9,1,2,2,1.253844023,,,
23FMNLB,1/15/2019,16:57:06,10,0,2,2,0.753986835,,,
23FMNLB,1/15/2019,16:57:06,11,2,2,2,0.62112999,,,
23FMNLB,1/15/2019,16:57:06,12,0,3,3,0.936641932,,,
23FMNLB,1/15/2019,16:57:06,13,1,3,3,1.036992073,,,
23FMNLB,1/15/2019,16:57:06,14,2,3,3,1.603960037,,,
23FMNLB,1/15/2019,16:57:06,15,1,3,3,1.953902006,,,
23FMNLB,1/15/2019,16:57:06,16,2,3,3,0.770758152,,,
23FMNLB,1/15/2019,16:57:06,17,2,0,0,1.103012085,,,
23FMNLB,1/15/2019,16:57:06,18,1,1,1,0.969492912,,,
23FMNLB,1/15/2019,16:57:06,19,1,0,0,0.919229984,,,
23FMNLB,1/15/2019,16:57:06,20,0,1,1,2.205096006,,,
23FMNLB,1/15/2019,16:57:06,21,1,0,0,1.5710361,,,
23FMNLB,1/15/2019,16:57:06,22,1,2,2,2.121014118,,,
23FMNLB,1/15/2019,16:57:06,23,0,0,0,0.95454812,,,
23FMNLB,1/15/2019,16:57:06,23,2,1,-999,-999,,,
23FMNLB,1/15/2019,16:57:06,23,0,2,-999,-999,,,
23FMNLB,1/15/2019,16:57:06,24,2,2,2,0.270007849,,,
User ID,Date,Time,Trial No.,Congruent/Incongruent,Expected Responce,User Response,Timestamp,,,
23mzura,1/24/2019,13:23:43,0,0,2,-999,-999,,,
23mzura,1/24/2019,13:23:43,1,1,0,0,2.035938978,,,
23mzura,1/24/2019,13:23:43,2,1,1,1,0.85494709,,,
23mzura,1/24/2019,13:23:43,3,0,3,3,0.652709007,,,
23mzura,1/24/2019,13:23:43,4,2,2,2,0.752613783,,,
23mzura,1/24/2019,13:23:43,5,2,3,3,0.635892868,,,
23mzura,1/24/2019,13:23:43,6,0,0,0,0.602186918,,,
23mzura,1/24/2019,13:23:43,7,0,3,3,0.636590958,,,
23mzura,1/24/2019,13:23:43,8,2,1,1,1.086395979,,,
23mzura,1/24/2019,13:23:43,9,2,3,3,0.58736515,,,
23mzura,1/24/2019,13:23:43,10,0,1,1,0.82118392,,,
23mzura,1/24/2019,13:23:43,11,0,1,1,0.654567957,,,
23mzura,1/24/2019,13:23:43,12,1,3,3,1.054003,,,
23mzura,1/24/2019,13:23:43,13,2,1,1,0.60240078,,,
23mzura,1/24/2019,13:23:43,14,2,0,0,0.602702141,,,
23mzura,1/24/2019,13:23:43,15,1,3,3,0.852738857,,,
23mzura,1/24/2019,13:23:43,16,2,0,0,0.603317976,,,
23mzura,1/24/2019,13:23:43,17,0,0,0,0.485585928,,,
23mzura,1/24/2019,13:23:43,18,1,0,0,0.454738855,,,
23mzura,1/24/2019,13:23:43,19,0,2,2,0.719704866,,,
23mzura,1/24/2019,13:23:43,20,1,1,1,0.688021898,,,
23mzura,1/24/2019,13:23:43,20,1,2,-999,-999,,,
23mzura,1/24/2019,13:23:43,21,1,2,2,0.835489035,,,
23mzura,1/24/2019,13:23:43,22,2,2,2,0.55321002,,,
23mzura,1/24/2019,13:23:43,23,0,2,2,0.534686089,,,
23mzura,1/24/2019,13:23:43,24,1,0,0,0.524058104,,,
User ID,Date,Time,Trial No.,Congruent/Incongruent,Expected Responce,User Response,Timestamp,,,
24fbada,1/24/2019,12:49:43,1,2,2,2,1.335651159,,,
24fbada,1/24/2019,12:49:43,2,1,0,0,0.953752041,,,
24fbada,1/24/2019,12:49:43,3,2,0,0,0.585800886,,,
24fbada,1/24/2019,12:49:43,4,0,3,3,0.687021971,,,
24fbada,1/24/2019,12:49:43,5,0,2,2,0.769374132,,,
24fbada,1/24/2019,12:49:43,6,2,1,1,0.820542097,,,
24fbada,1/24/2019,12:49:43,7,2,3,3,0.67032814,,,
24fbada,1/24/2019,12:49:43,8,1,3,3,0.555728912,,,
24fbada,1/24/2019,12:49:43,8,2,3,-999,-999,,,
24fbada,1/24/2019,12:49:43,9,2,2,2,0.788138866,,,
24fbada,1/24/2019,12:49:43,10,0,0,0,0.585887909,,,
24fbada,1/24/2019,12:49:43,11,0,3,3,0.720082998,,,
24fbada,1/24/2019,12:49:43,12,0,1,1,0.802886963,,,
24fbada,1/24/2019,12:49:43,13,1,3,3,0.819046974,,,
24fbada,1/24/2019,12:49:43,14,1,2,2,1.371263981,,,
24fbada,1/24/2019,12:49:43,15,1,1,1,0.670053959,,,
24fbada,1/24/2019,12:49:43,16,1,0,0,1.070307016,,,
24fbada,1/24/2019,12:49:43,17,2,1,1,0.672034979,,,
24fbada,1/24/2019,12:49:43,18,2,0,0,0.703927994,,,
24fbada,1/24/2019,12:49:43,19,0,0,0,0.669753075,,,
24fbada,1/24/2019,12:49:43,20,1,1,1,0.419425964,,,
24fbada,1/24/2019,12:49:43,21,0,2,2,0.670982838,,,
24fbada,1/24/2019,12:49:43,22,0,1,1,0.537759066,,,
24fbada,1/24/2019,12:49:43,23,1,2,2,0.652542114,,,
24fbada,1/24/2019,12:49:43,24,2,2,2,0.653593063,,,
User ID,Date,Time,Trial No.,Congruent/Incongruent,Expected Responce,User Response,Timestamp,,,
24FRAGI,1/14/2019,22:36:18,0,1,3,-999,-999,,,
24FRAGI,1/14/2019,22:36:18,1,0,3,3,1.10340786,,,
24FRAGI,1/14/2019,22:36:18,2,0,1,1,0.869791985,,,
24FRAGI,1/14/2019,22:36:18,3,1,0,0,0.968741894,,,
24FRAGI,1/14/2019,22:36:18,4,1,0,0,1.78640604,,,
24FRAGI,1/14/2019,22:36:18,5,2,2,2,1.268248081,,,
24FRAGI,1/14/2019,22:36:18,5,2,0,-999,-999,,,
24FRAGI,1/14/2019,22:36:18,6,2,1,1,1.485828161,,,
24FRAGI,1/14/2019,22:36:18,7,0,2,2,0.830848932,,,
24FRAGI,1/14/2019,22:36:18,8,2,3,3,0.68466711,,,
24FRAGI,1/14/2019,22:36:18,9,1,3,3,1.115406036,,,
24FRAGI,1/14/2019,22:36:18,9,2,0,-999,-999,,,
24FRAGI,1/14/2019,22:36:18,10,1,1,1,0.948140144,,,
24FRAGI,1/14/2019,22:36:18,10,1,2,-999,-999,,,
24FRAGI,1/14/2019,22:36:18,11,2,3,3,1.235718012,,,
24FRAGI,1/14/2019,22:36:18,12,0,2,2,1.384860992,,,
24FRAGI,1/14/2019,22:36:18,13,2,1,1,0.618582964,,,
24FRAGI,1/14/2019,22:36:18,14,2,2,2,1.631964207,,,
24FRAGI,1/14/2019,22:36:18,15,0,0,0,2.380671024,,,
24FRAGI,1/14/2019,22:36:18,16,0,0,0,0.935608864,,,
24FRAGI,1/14/2019,22:36:18,17,0,1,1,0.930393934,,,
24FRAGI,1/14/2019,22:36:18,18,1,1,1,0.918300867,,,
24FRAGI,1/14/2019,22:36:18,19,0,3,3,1.515293121,,,
24FRAGI,1/14/2019,22:36:18,20,1,2,2,1.266067982,,,
24FRAGI,1/14/2019,22:36:18,21,1,3,3,2.020114899,,,
24FRAGI,1/14/2019,22:36:18,22,0,3,3,0.652226925,,,
24FRAGI,1/14/2019,22:36:18,23,0,1,1,0.969214201,,,
24FRAGI,1/14/2019,22:36:18,24,1,0,0,0.736038923,,,
User ID,Date,Time,Trial No.,Congruent/Incongruent,Expected Responce,User Response,Timestamp,,,
24masva,1/24/2019,12:29:02,0,2,3,-999,-999,,,
24masva,1/24/2019,12:29:02,0,2,2,-999,-999,,,
24masva,1/24/2019,12:29:02,0,2,3,-999,-999,,,
24masva,1/24/2019,12:29:02,0,0,3,-999,-999,,,
24masva,1/24/2019,12:29:02,1,1,1,1,1.58605504,,,
24masva,1/24/2019,12:29:02,1,2,1,-999,-999,,,
24masva,1/24/2019,12:29:02,2,1,3,3,1.92138505,,,
24masva,1/24/2019,12:29:02,3,0,1,1,1.353576899,,,
24masva,1/24/2019,12:29:02,4,0,3,3,1.021085978,,,
24masva,1/24/2019,12:29:02,5,1,3,3,1.069550991,,,
24masva,1/24/2019,12:29:02,6,1,0,0,1.403926134,,,
24masva,1/24/2019,12:29:02,7,0,0,0,0.753330946,,,
24masva,1/24/2019,12:29:02,8,0,2,2,1.155033112,,,
24masva,1/24/2019,12:29:02,8,2,0,-999,-999,,,
24masva,1/24/2019,12:29:02,9,1,2,2,1.088506937,,,
24masva,1/24/2019,12:29:02,10,2,2,2,0.568814993,,,
24masva,1/24/2019,12:29:02,10,1,0,-999,-999,,,
24masva,1/24/2019,12:29:02,11,0,0,0,1.352543116,,,
24masva,1/24/2019,12:29:02,12,0,2,2,1.074099064,,,
24masva,1/24/2019,12:29:02,13,2,1,1,1.937474012,,,
24masva,1/24/2019,12:29:02,14,2,0,0,0.985727072,,,
24masva,1/24/2019,12:29:02,15,0,1,1,0.954168081,,,
24masva,1/24/2019,12:29:02,15,1,2,-999,-999,,,
24masva,1/24/2019,12:29:02,16,1,1,1,1.952822924,,,
24masva,1/24/2019,12:29:02,16,2,3,-999,-999,,,
24masva,1/24/2019,12:29:02,17,2,2,2,1.454595089,,,
24masva,1/24/2019,12:29:02,18,2,3,3,0.785721064,,,
24masva,1/24/2019,12:29:02,19,0,3,3,0.752022028,,,
24masva,1/24/2019,12:29:02,20,1,1,1,1.103354931,,,0.1
24masva,1/24/2019,12:29:02,21,2,1,1,0.637221098,,,
24masva,1/24/2019,12:29:02,22,1,3,3,1.756156921,,,
24masva,1/24/2019,12:29:02,22,0,1,-999,-999,,,
24masva,1/24/2019,12:29:02,23,0,3,3,1.721503973,,,
24masva,1/24/2019,12:29:02,24,1,3,3,0.786436081,,,
User ID,Date,Time,Trial No.,Congruent/Incongruent,Expected Responce,User Response,Timestamp,,,
24MDERA,1/14/2019,14:32:58,1,0,3,3,1.752923012,,,
24MDERA,1/14/2019,14:32:58,2,0,3,3,0.686968088,,,
24MDERA,1/14/2019,14:32:58,3,1,0,0,1.420011044,,,
24MDERA,1/14/2019,14:32:58,4,2,3,3,1.136464119,,,
24MDERA,1/14/2019,14:32:58,5,1,3,3,0.719824076,,,
24MDERA,1/14/2019,14:32:58,6,1,0,0,1.537489176,,,
24MDERA,1/14/2019,14:32:58,7,0,1,1,0.903187037,,,
24MDERA,1/14/2019,14:32:58,8,0,2,2,1.170430899,,,
24MDERA,1/14/2019,14:32:58,9,0,0,0,1.753652096,,,
24MDERA,1/14/2019,14:32:58,10,1,3,3,1.404420853,,,
24MDERA,1/14/2019,14:32:58,11,0,2,2,0.937594891,,,
24MDERA,1/14/2019,14:32:58,12,1,1,1,1.270537138,,,
24MDERA,1/14/2019,14:32:58,13,2,2,2,1.80457592,,,
24MDERA,1/14/2019,14:32:58,14,1,2,2,1.62013793,,,
24MDERA,1/14/2019,14:32:58,15,2,1,1,1.720227003,,,
24MDERA,1/14/2019,14:32:58,16,2,3,3,1.688894987,,,
24MDERA,1/14/2019,14:32:58,16,0,1,-999,-999,,,
24MDERA,1/14/2019,14:32:58,17,1,2,2,1.434375048,,,
24MDERA,1/14/2019,14:32:58,18,0,0,0,1.084570885,,,
24MDERA,1/14/2019,14:32:58,19,2,0,0,1.354007006,,,
24MDERA,1/14/2019,14:32:58,20,1,1,1,1.603571892,,,
24MDERA,1/14/2019,14:32:58,21,2,0,0,1.050465107,,,
24MDERA,1/14/2019,14:32:58,21,2,2,-999,-999,,,
24MDERA,1/14/2019,14:32:58,22,2,1,1,1.653604031,,,
24MDERA,1/14/2019,14:32:58,23,0,3,3,1.521161079,,,
24MDERA,1/14/2019,14:32:58,24,0,3,3,1.536086798,,,
User ID,Date,Time,Trial No.,Congruent/Incongruent,Expected Responce,User Response,Timestamp,,,
24myosa,1/24/2019,12:53:42,1,0,1,1,1.352697134,,,
24myosa,1/24/2019,12:53:42,2,2,3,3,1.052895784,,,
24myosa,1/24/2019,12:53:42,3,0,1,1,0.719051123,,,
24myosa,1/24/2019,12:53:42,4,0,0,0,0.852331877,,,
24myosa,1/24/2019,12:53:42,5,1,0,0,0.720005989,,,
24myosa,1/24/2019,12:53:42,6,2,1,1,0.737328053,,,
24myosa,1/24/2019,12:53:42,7,1,2,2,0.486938,,,
24myosa,1/24/2019,12:53:42,8,0,3,3,0.487211943,,,
24myosa,1/24/2019,12:53:42,9,1,3,3,0.654613972,,,
24myosa,1/24/2019,12:53:42,10,2,0,0,0.655215025,,,
24myosa,1/24/2019,12:53:42,11,2,1,1,0.569244862,,,
24myosa,1/24/2019,12:53:42,12,0,2,2,0.537549973,,,
24myosa,1/24/2019,12:53:42,13,0,3,3,0.41941905,,,
24myosa,1/24/2019,12:53:42,14,2,2,2,0.653534174,,,
24myosa,1/24/2019,12:53:42,15,1,3,3,0.503139973,,,
24myosa,1/24/2019,12:53:42,16,1,1,1,0.570057869,,,
24myosa,1/24/2019,12:53:42,17,1,0,0,0.352108955,,,
24myosa,1/24/2019,12:53:42,18,2,3,3,0.471869946,,,
24myosa,1/24/2019,12:53:42,19,2,0,0,0.502701044,,,
24myosa,1/24/2019,12:53:42,20,0,2,2,0.520328999,,,
24myosa,1/24/2019,12:53:42,20,2,2,-999,-999,,,
24myosa,1/24/2019,12:53:42,21,1,2,2,0.953318119,,,
24myosa,1/24/2019,12:53:42,22,1,1,1,0.670189142,,,
24myosa,1/24/2019,12:53:42,23,0,0,0,1.152931929,,,
24myosa,1/24/2019,12:53:42,24,0,1,1,0.602771997,,,
User ID,Date,Time,Trial No.,Congruent/Incongruent,Expected Responce,User Response,Timestamp,,,
25FANPA,1/15/2019,22:07:14,0,2,3,-999,-999,,,
25FANPA,1/15/2019,22:07:14,1,2,0,0,0.917860985,,,
25FANPA,1/15/2019,22:07:14,2,1,2,2,0.785418987,,,
25FANPA,1/15/2019,22:07:14,3,1,2,2,0.618844986,,,
25FANPA,1/15/2019,22:07:14,4,1,0,0,0.586809874,,,
25FANPA,1/15/2019,22:07:14,5,0,0,0,0.533869982,,,
25FANPA,1/15/2019,22:07:14,6,1,0,0,0.468341112,,,
25FANPA,1/15/2019,22:07:14,7,0,2,2,0.952802896,,,
25FANPA,1/15/2019,22:07:14,8,1,3,3,0.701092958,,,
25FANPA,1/15/2019,22:07:14,9,0,3,3,0.903024912,,,
25FANPA,1/15/2019,22:07:14,10,0,1,1,0.701521873,,,
25FANPA,1/15/2019,22:07:14,11,0,2,2,0.886366844,,,
25FANPA,1/15/2019,22:07:14,12,0,0,0,0.903256893,,,
25FANPA,1/15/2019,22:07:14,13,2,1,1,0.884487867,,,
25FANPA,1/15/2019,22:07:14,14,2,1,1,0.637781143,,,
25FANPA,1/15/2019,22:07:14,15,1,1,1,0.769968987,,,
25FANPA,1/15/2019,22:07:14,16,2,3,3,0.567366123,,,
25FANPA,1/15/2019,22:07:14,17,0,1,1,0.753386974,,,
25FANPA,1/15/2019,22:07:14,18,2,2,2,0.81911993,,,
25FANPA,1/15/2019,22:07:14,19,1,1,1,0.852652788,,,
25FANPA,1/15/2019,22:07:14,20,0,3,3,1.085696936,,,
25FANPA,1/15/2019,22:07:14,21,2,2,2,1.63537693,,,
25FANPA,1/15/2019,22:07:14,22,1,3,3,0.819073915,,,
25FANPA,1/15/2019,22:07:14,23,2,0,0,0.78418684,,,
25FANPA,1/15/2019,22:07:14,24,2,3,3,1.469107866,,,
User ID,Date,Time,Trial No.,Congruent/Incongruent,Expected Responce,User Response,Timestamp,,,
25FISWE,1/15/2019,22:14:04,1,2,1,1,1.885725021,,,
25FISWE,1/15/2019,22:14:04,1,2,2,-999,-999,,,
25FISWE,1/15/2019,22:14:04,2,0,2,2,1.034806967,,,
25FISWE,1/15/2019,22:14:04,3,2,2,2,0.769227982,,,
25FISWE,1/15/2019,22:14:04,4,0,3,3,0.985301018,,,
25FISWE,1/15/2019,22:14:04,5,0,1,1,0.667959929,,,
25FISWE,1/15/2019,22:14:04,6,1,2,2,1.019387007,,,
25FISWE,1/15/2019,22:14:04,7,2,1,1,0.985846996,,,
25FISWE,1/15/2019,22:14:04,8,0,0,0,0.884117126,,,
25FISWE,1/15/2019,22:14:04,9,2,3,3,1.734592915,,,
25FISWE,1/15/2019,22:14:04,10,0,0,0,0.684702158,,,
25FISWE,1/15/2019,22:14:04,11,1,1,1,1.485656023,,,
25FISWE,1/15/2019,22:14:04,12,1,0,0,1.700991154,,,
25FISWE,1/15/2019,22:14:04,12,0,2,-999,-999,,,
25FISWE,1/15/2019,22:14:04,13,2,0,0,1.518357992,,,
25FISWE,1/15/2019,22:14:04,13,2,3,-999,-999,,,
25FISWE,1/15/2019,22:14:04,14,0,1,1,1.71939683,,,
25FISWE,1/15/2019,22:14:04,15,0,3,3,1.268440962,,,
25FISWE,1/15/2019,22:14:04,15,1,0,-999,-999,,,
25FISWE,1/15/2019,22:14:04,16,1,3,3,2.301205158,,,
25FISWE,1/15/2019,22:14:04,17,1,3,3,1.752306938,,,
25FISWE,1/15/2019,22:14:04,17,1,1,-999,-999,,,
25FISWE,1/15/2019,22:14:04,18,2,0,0,2.353098869,,,
25FISWE,1/15/2019,22:14:04,18,1,2,-999,-999,,,
25FISWE,1/15/2019,22:14:04,19,2,1,1,1.169532061,,,
25FISWE,1/15/2019,22:14:04,19,2,2,-999,-999,,,
25FISWE,1/15/2019,22:14:04,19,0,2,-999,-999,,,
25FISWE,1/15/2019,22:14:04,19,2,2,-999,-999,,,
25FISWE,1/15/2019,22:14:04,20,0,3,3,2.234647989,,,
25FISWE,1/15/2019,22:14:04,20,0,1,-999,-999,,,
25FISWE,1/15/2019,22:14:04,20,1,2,-999,-999,,,
25FISWE,1/15/2019,22:14:04,21,2,1,1,1.902745008,,,
25FISWE,1/15/2019,22:14:04,21,0,0,-999,-999,,,
25FISWE,1/15/2019,22:14:04,22,2,3,3,1.336972952,,,
25FISWE,1/15/2019,22:14:04,22,0,0,-999,-999,,,
25FISWE,1/15/2019,22:14:04,23,1,1,1,1.634270191,,,
25FISWE,1/15/2019,22:14:04,24,1,0,0,1.135425091,,,
User ID,Date,Time,Trial No.,Congruent/Incongruent,Expected Responce,User Response,Timestamp,,,
25fnasa,1/24/2019,13:07:50,1,0,2,2,1.04106307,,,
25fnasa,1/24/2019,13:07:50,2,0,3,3,0.701169014,,,
25fnasa,1/24/2019,13:07:50,3,1,0,0,0.653279066,,,
25fnasa,1/24/2019,13:07:50,4,1,0,0,0.571964979,,,
25fnasa,1/24/2019,13:07:50,5,2,1,1,0.653315067,,,
25fnasa,1/24/2019,13:07:50,6,0,1,1,0.569947004,,,
25fnasa,1/24/2019,13:07:50,7,2,3,3,0.652134895,,,
25fnasa,1/24/2019,13:07:50,8,0,0,0,0.553595066,,,
25fnasa,1/24/2019,13:07:50,9,1,1,1,0.637462139,,,
25fnasa,1/24/2019,13:07:50,10,2,0,0,0.68516016,,,
25fnasa,1/24/2019,13:07:50,11,0,2,2,0.484344959,,,
25fnasa,1/24/2019,13:07:50,12,1,3,3,0.603929043,,,
25fnasa,1/24/2019,13:07:50,13,1,2,2,0.787205935,,,
25fnasa,1/24/2019,13:07:50,14,0,0,0,0.569231987,,,
25fnasa,1/24/2019,13:07:50,15,1,2,2,0.669776201,,,
25fnasa,1/24/2019,13:07:50,16,2,2,2,0.634612083,,,
25fnasa,1/24/2019,13:07:50,17,1,3,3,0.803599119,,,
25fnasa,1/24/2019,13:07:50,18,0,3,3,0.752129078,,,
25fnasa,1/24/2019,13:07:50,19,2,1,1,0.587164879,,,
25fnasa,1/24/2019,13:07:50,20,0,1,1,0.54028511,,,
25fnasa,1/24/2019,13:07:50,20,2,2,-999,-999,,,
25fnasa,1/24/2019,13:07:50,21,2,0,0,1.020624876,,,
25fnasa,1/24/2019,13:07:50,22,2,3,3,0.837809801,,,
25fnasa,1/24/2019,13:07:50,23,1,1,1,0.837389946,,,
25fnasa,1/24/2019,13:07:50,24,0,2,2,0.587157965,,,
User ID,Date,Time,Trial No.,Congruent/Incongruent,Expected Responce,User Response,Timestamp,,,
25madsa,1/24/2019,13:11:59,1,2,0,0,0.773069859,,,
25madsa,1/24/2019,13:11:59,2,2,1,1,0.553371906,,,
25madsa,1/24/2019,13:11:59,3,1,2,2,0.537258863,,,
25madsa,1/24/2019,13:11:59,4,1,0,0,0.902344942,,,
25madsa,1/24/2019,13:11:59,5,0,1,1,0.55248189,,,
25madsa,1/24/2019,13:11:59,6,0,3,3,0.57081604,,,
25madsa,1/24/2019,13:11:59,7,2,3,3,0.471620083,,,
25madsa,1/24/2019,13:11:59,8,1,3,3,0.454342842,,,
25madsa,1/24/2019,13:11:59,8,2,2,-999,-999,,,
25madsa,1/24/2019,13:11:59,9,0,3,3,1.269361019,,,
25madsa,1/24/2019,13:11:59,10,0,0,0,0.86936903,,,
25madsa,1/24/2019,13:11:59,11,1,0,0,0.553803921,,,
25madsa,1/24/2019,13:11:59,12,2,0,0,0.440367937,,,
25madsa,1/24/2019,13:11:59,13,0,2,2,0.535344124,,,
25madsa,1/24/2019,13:11:59,14,0,2,2,0.436336994,,,
25madsa,1/24/2019,13:11:59,14,2,3,-999,-999,,,
25madsa,1/24/2019,13:11:59,15,1,3,3,1.404629946,,,
25madsa,1/24/2019,13:11:59,16,0,1,1,0.552582979,,,
25madsa,1/24/2019,13:11:59,17,0,0,0,0.788081169,,,
25madsa,1/24/2019,13:11:59,18,1,1,1,0.704513073,,,
25madsa,1/24/2019,13:11:59,19,2,1,1,0.8358109,,,
25madsa,1/24/2019,13:11:59,20,2,2,2,0.802973986,,,
25madsa,1/24/2019,13:11:59,21,1,2,2,0.486123085,,,
25madsa,1/24/2019,13:11:59,22,1,1,1,0.903135061,,,
25madsa,1/24/2019,13:11:59,23,2,0,0,0.719744205,,,
25madsa,1/24/2019,13:11:59,24,2,1,1,0.537255049,,,
User ID,Date,Time,Trial No.,Congruent/Incongruent,Expected Responce,User Response,Timestamp,,,
25maksh,1/24/2019,13:00:26,1,2,0,0,1.219550133,,,
25maksh,1/24/2019,13:00:26,2,2,3,3,0.952353954,,,
25maksh,1/24/2019,13:00:26,3,2,1,1,0.905232906,,,
25maksh,1/24/2019,13:00:26,4,1,2,2,0.786689997,,,
25maksh,1/24/2019,13:00:26,5,1,0,0,1.037450075,,,
25maksh,1/24/2019,13:00:26,6,1,2,2,0.670004129,,,
25maksh,1/24/2019,13:00:26,7,0,2,2,0.553686857,,,
25maksh,1/24/2019,13:00:26,8,1,3,3,0.536952019,,,
25maksh,1/24/2019,13:00:26,9,0,0,0,0.769990921,,,
25maksh,1/24/2019,13:00:26,10,2,0,0,0.520406008,,,
25maksh,1/24/2019,13:00:26,11,2,2,2,0.785623074,,,
25maksh,1/24/2019,13:00:26,12,0,2,2,0.504235029,,,
25maksh,1/24/2019,13:00:26,13,1,1,1,1.003437996,,,
25maksh,1/24/2019,13:00:26,14,0,0,0,0.97150898,,,
25maksh,1/24/2019,13:00:26,15,0,1,1,0.553795099,,,
25maksh,1/24/2019,13:00:26,16,0,3,3,0.471717119,,,
25maksh,1/24/2019,13:00:26,17,2,2,2,0.58536315,,,
25maksh,1/24/2019,13:00:26,18,1,1,1,1.020318985,,,
25maksh,1/24/2019,13:00:26,19,2,1,1,0.554646015,,,
25maksh,1/24/2019,13:00:26,20,1,0,0,0.686930895,,,
25maksh,1/24/2019,13:00:26,21,0,1,1,0.520292044,,,
25maksh,1/24/2019,13:00:26,21,2,3,-999,-999,,,
25maksh,1/24/2019,13:00:26,22,0,3,3,1.187170982,,,
25maksh,1/24/2019,13:00:26,23,1,3,3,0.502434969,,,
25maksh,1/24/2019,13:00:26,24,2,0,0,0.869570017,,,
User ID,Date,Time,Trial No.,Congruent/Incongruent,Expected Responce,User Response,Timestamp,,,
25MMINN,1/15/2019,22:26:20,1,2,0,0,1.636749983,,,
25MMINN,1/15/2019,22:26:20,2,2,3,3,1.235449791,,,
25MMINN,1/15/2019,22:26:20,2,0,0,-999,-999,,,
25MMINN,1/15/2019,22:26:20,2,1,2,-999,-999,,,
25MMINN,1/15/2019,22:26:20,3,0,2,2,1.452819109,,,
25MMINN,1/15/2019,22:26:20,3,1,0,-999,-999,,,
25MMINN,1/15/2019,22:26:20,3,2,1,-999,-999,,,
25MMINN,1/15/2019,22:26:20,4,1,3,3,1.886820078,,,
25MMINN,1/15/2019,22:26:20,5,0,3,3,2.068310022,,,
25MMINN,1/15/2019,22:26:20,6,2,0,0,1.16851902,,,
25MMINN,1/15/2019,22:26:20,7,0,0,0,1.119199038,,,
25MMINN,1/15/2019,22:26:20,7,1,3,-999,-999,,,
25MMINN,1/15/2019,22:26:20,8,0,1,1,1.852647781,,,
25MMINN,1/15/2019,22:26:20,9,2,2,2,1.003041983,,,
25MMINN,1/15/2019,22:26:20,10,1,0,0,1.251343966,,,
25MMINN,1/15/2019,22:26:20,10,0,2,-999,-999,,,
25MMINN,1/15/2019,22:26:20,11,2,2,2,1.351569891,,,
25MMINN,1/15/2019,22:26:20,12,1,1,1,1.669828892,,,
25MMINN,1/15/2019,22:26:20,13,0,1,1,0.669625998,,,
25MMINN,1/15/2019,22:26:20,14,0,3,3,1.051939011,,,
25MMINN,1/15/2019,22:26:20,15,1,1,1,1.669739962,,,
25MMINN,1/15/2019,22:26:20,16,2,3,3,0.76862812,,,
25MMINN,1/15/2019,22:26:20,17,1,2,2,1.05278182,,,
25MMINN,1/15/2019,22:26:20,17,2,1,-999,-999,,,
25MMINN,1/15/2019,22:26:20,17,2,0,-999,-999,,,
25MMINN,1/15/2019,22:26:20,17,2,3,-999,-999,,,
25MMINN,1/15/2019,22:26:20,18,0,0,0,0.820021152,,,
25MMINN,1/15/2019,22:26:20,19,1,2,2,0.853564978,,,
25MMINN,1/15/2019,22:26:20,20,0,2,2,1.187619209,,,
25MMINN,1/15/2019,22:26:20,21,1,0,0,1.435168028,,,
25MMINN,1/15/2019,22:26:20,22,2,1,1,1.569525957,,,
25MMINN,1/15/2019,22:26:20,23,1,3,3,0.754366159,,,
25MMINN,1/15/2019,22:26:20,24,0,3,3,0.486133099,,,
User ID,Date,Time,Trial No.,Congruent/Incongruent,Expected Responce,User Response,Timestamp,,,
25mrrais,1/24/2019,13:17:14,1,1,3,3,1.503815889,,,
25mrrais,1/24/2019,13:17:14,2,1,1,1,0.987359047,,,
25mrrais,1/24/2019,13:17:14,3,0,0,0,0.837329865,,,
25mrrais,1/24/2019,13:17:14,4,1,3,3,1.003787994,,,
25mrrais,1/24/2019,13:17:14,5,0,2,2,0.669980049,,,
25mrrais,1/24/2019,13:17:14,6,0,2,2,0.806061983,,,
25mrrais,1/24/2019,13:17:14,7,1,2,2,0.53716588,,,
25mrrais,1/24/2019,13:17:14,8,2,2,2,0.452693939,,,
25mrrais,1/24/2019,13:17:14,9,0,1,1,0.919389009,,,
25mrrais,1/24/2019,13:17:14,10,0,1,1,0.551645041,,,
25mrrais,1/24/2019,13:17:14,11,2,0,0,0.786849976,,,
25mrrais,1/24/2019,13:17:14,12,2,3,3,1.187194109,,,
25mrrais,1/24/2019,13:17:14,13,2,2,2,0.669536829,,,
25mrrais,1/24/2019,13:17:14,14,0,3,3,0.768793106,,,
25mrrais,1/24/2019,13:17:14,15,2,3,3,0.551148891,,,
25mrrais,1/24/2019,13:17:14,16,2,1,1,0.819908857,,,
25mrrais,1/24/2019,13:17:14,17,2,0,0,0.753412962,,,
25mrrais,1/24/2019,13:17:14,18,1,0,0,1.237507105,,,
25mrrais,1/24/2019,13:17:14,18,1,2,-999,-999,,,
25mrrais,1/24/2019,13:17:14,19,2,1,1,1.489363194,,,
25mrrais,1/24/2019,13:17:14,20,1,0,0,0.820327997,,,
25mrrais,1/24/2019,13:17:14,21,0,0,0,0.520743847,,,
25mrrais,1/24/2019,13:17:14,22,0,3,3,0.919832945,,,
25mrrais,1/24/2019,13:17:14,23,1,1,1,0.920581102,,,
25mrrais,1/24/2019,13:17:14,23,1,3,-999,-999,,,
25mrrais,1/24/2019,13:17:14,24,1,1,1,0.935632944,,,
User ID,Date,Time,Trial No.,Congruent/Incongruent,Expected Responce,User Response,Timestamp,,,
26FCHSA,1/15/2019,22:38:47,0,1,3,-999,-999,,,
26FCHSA,1/15/2019,22:38:47,0,1,1,-999,-999,,,
26FCHSA,1/15/2019,22:38:47,1,0,0,0,0.919948816,,,
26FCHSA,1/15/2019,22:38:47,2,2,0,0,0.919909,,,
26FCHSA,1/15/2019,22:38:47,3,0,3,3,0.986530066,,,
26FCHSA,1/15/2019,22:38:47,4,2,3,3,0.670023918,,,
26FCHSA,1/15/2019,22:38:47,5,0,0,0,1.153150797,,,
26FCHSA,1/15/2019,22:38:47,6,1,3,3,0.520228863,,,
26FCHSA,1/15/2019,22:38:47,7,1,0,0,0.587093115,,,
26FCHSA,1/15/2019,22:38:47,8,1,1,1,0.603200912,,,
26FCHSA,1/15/2019,22:38:47,9,0,3,3,1.003032923,,,
26FCHSA,1/15/2019,22:38:47,10,1,2,2,0.685353041,,,
26FCHSA,1/15/2019,22:38:47,11,0,2,2,0.486534119,,,
26FCHSA,1/15/2019,22:38:47,12,1,0,0,0.752578974,,,
26FCHSA,1/15/2019,22:38:47,13,1,2,2,0.885249853,,,
26FCHSA,1/15/2019,22:38:47,14,2,1,1,0.936788082,,,
26FCHSA,1/15/2019,22:38:47,15,2,2,2,0.83622098,,,
26FCHSA,1/15/2019,22:38:47,16,0,1,1,0.620110035,,,
26FCHSA,1/15/2019,22:38:47,17,2,3,3,1.001870871,,,
26FCHSA,1/15/2019,22:38:47,18,2,2,2,0.585592985,,,
26FCHSA,1/15/2019,22:38:47,19,2,0,0,0.669951916,,,
26FCHSA,1/15/2019,22:38:47,20,2,1,1,0.519155979,,,
26FCHSA,1/15/2019,22:38:47,21,0,1,1,0.603648901,,,
26FCHSA,1/15/2019,22:38:47,22,0,2,2,0.769438982,,,
26FCHSA,1/15/2019,22:38:47,23,1,3,3,0.469750166,,,
26FCHSA,1/15/2019,22:38:47,24,1,1,1,0.603814125,,,
User ID,Date,Time,Trial No.,Congruent/Incongruent,Expected Responce,User Response,Timestamp,,,
26FKAGU,1/14/2019,22:48:55,1,1,3,3,1.46986413,,,
26FKAGU,1/14/2019,22:48:55,2,0,0,0,0.973644972,,,
26FKAGU,1/14/2019,22:48:55,3,0,1,1,0.702069044,,,
26FKAGU,1/14/2019,22:48:55,4,1,2,2,1.415939093,,,
26FKAGU,1/14/2019,22:48:55,4,1,1,-999,-999,,,
26FKAGU,1/14/2019,22:48:55,5,0,0,0,0.802087069,,,
26FKAGU,1/14/2019,22:48:55,5,2,3,-999,-999,,,
26FKAGU,1/14/2019,22:48:55,5,2,1,-999,-999,,,
26FKAGU,1/14/2019,22:48:55,6,0,2,2,1.370062113,,,
26FKAGU,1/14/2019,22:48:55,7,0,3,3,1.253299952,,,
26FKAGU,1/14/2019,22:48:55,7,2,2,-999,-999,,,
26FKAGU,1/14/2019,22:48:55,7,1,2,-999,-999,,,
26FKAGU,1/14/2019,22:48:55,7,1,0,-999,-999,,,
26FKAGU,1/14/2019,22:48:55,7,1,1,-999,-999,,,
26FKAGU,1/14/2019,22:48:55,7,2,3,-999,-999,,,
26FKAGU,1/14/2019,22:48:55,8,0,2,2,1.051748037,,,
26FKAGU,1/14/2019,22:48:55,8,2,2,-999,-999,,,
26FKAGU,1/14/2019,22:48:55,8,1,0,-999,-999,,,
26FKAGU,1/14/2019,22:48:55,9,2,0,0,1.269932985,,,
26FKAGU,1/14/2019,22:48:55,9,0,1,-999,-999,,,
26FKAGU,1/14/2019,22:48:55,9,0,3,-999,-999,,,
26FKAGU,1/14/2019,22:48:55,10,2,0,0,1.069501162,,,
26FKAGU,1/14/2019,22:48:55,11,1,3,3,1.322492123,,,
26FKAGU,1/14/2019,22:48:55,12,2,1,1,1.55303216,,,
26FKAGU,1/14/2019,22:48:55,13,1,3,3,0.78150177,,,
26FKAGU,1/14/2019,22:48:55,14,0,0,0,0.702444077,,,
26FKAGU,1/14/2019,22:48:55,14,0,1,-999,-999,,,
26FKAGU,1/14/2019,22:48:55,15,1,2,2,1.168920994,,,
26FKAGU,1/14/2019,22:48:55,15,1,1,-999,-999,,,
26FKAGU,1/14/2019,22:48:55,15,0,0,-999,-999,,,
26FKAGU,1/14/2019,22:48:55,15,2,3,-999,-999,,,
26FKAGU,1/14/2019,22:48:55,15,2,1,-999,-999,,,
26FKAGU,1/14/2019,22:48:55,16,0,2,2,1.70215106,,,
26FKAGU,1/14/2019,22:48:55,17,0,3,3,0.869297028,,,
26FKAGU,1/14/2019,22:48:55,18,2,2,2,0.802839994,,,
26FKAGU,1/14/2019,22:48:55,19,1,2,2,0.586575985,,,
26FKAGU,1/14/2019,22:48:55,20,1,0,0,0.751675844,,,
26FKAGU,1/14/2019,22:48:55,21,1,1,1,0.548413038,,,
26FKAGU,1/14/2019,22:48:55,21,2,3,-999,-999,,,
26FKAGU,1/14/2019,22:48:55,22,0,2,2,1.551548004,,,
26FKAGU,1/14/2019,22:48:55,23,2,2,2,1.685881138,,,
26FKAGU,1/14/2019,22:48:55,24,1,0,0,0.786597013,,,
User ID,Date,Time,Trial No.,Congruent/Incongruent,Expected Responce,User Response,Timestamp,,,
26MPNKO,1/15/2019,17:03:12,1,1,0,0,1.388776064,,,
26MPNKO,1/15/2019,17:03:12,2,0,2,2,1.338149071,,,
26MPNKO,1/15/2019,17:03:12,3,2,1,1,1.354174137,,,
26MPNKO,1/15/2019,17:03:12,4,0,0,0,1.587909937,,,
26MPNKO,1/15/2019,17:03:12,5,1,2,2,1.354094028,,,
26MPNKO,1/15/2019,17:03:12,6,0,1,1,1.220025063,,,
26MPNKO,1/15/2019,17:03:12,6,2,1,-999,-999,,,
26MPNKO,1/15/2019,17:03:12,7,2,2,2,2.170146942,,,
26MPNKO,1/15/2019,17:03:12,7,2,3,-999,-999,,,
26MPNKO,1/15/2019,17:03:12,7,1,0,-999,-999,,,
26MPNKO,1/15/2019,17:03:12,8,1,3,3,2.28776598,,,
26MPNKO,1/15/2019,17:03:12,9,1,3,3,0.953773975,,,
26MPNKO,1/15/2019,17:03:12,9,1,2,-999,-999,,,
26MPNKO,1/15/2019,17:03:12,10,0,0,0,1.219395876,,,
26MPNKO,1/15/2019,17:03:12,11,2,0,0,1.020400047,,,
26MPNKO,1/15/2019,17:03:12,12,1,1,1,1.053071022,,,
26MPNKO,1/15/2019,17:03:12,13,2,3,3,1.153541088,,,
26MPNKO,1/15/2019,17:03:12,13,2,0,-999,-999,,,
26MPNKO,1/15/2019,17:03:12,14,2,2,2,2.137381077,,,
26MPNKO,1/15/2019,17:03:12,14,1,1,-999,-999,,,
26MPNKO,1/15/2019,17:03:12,15,0,2,2,2.054620981,,,
26MPNKO,1/15/2019,17:03:12,16,0,3,3,0.818751097,,,
26MPNKO,1/15/2019,17:03:12,17,0,1,1,1.221775055,,,
26MPNKO,1/15/2019,17:03:12,18,0,3,3,1.137998819,,,
26MPNKO,1/15/2019,17:03:12,18,1,0,-999,-999,,,
26MPNKO,1/15/2019,17:03:12,19,0,2,2,2.020534039,,,
26MPNKO,1/15/2019,17:03:12,19,2,1,-999,-999,,,
26MPNKO,1/15/2019,17:03:12,20,0,0,0,1.153239012,,,
26MPNKO,1/15/2019,17:03:12,20,1,2,-999,-999,,,
26MPNKO,1/15/2019,17:03:12,21,0,1,1,1.654336929,,,
26MPNKO,1/15/2019,17:03:12,22,2,1,1,1.587786198,,,
26MPNKO,1/15/2019,17:03:12,23,2,2,2,1.286603928,,,
26MPNKO,1/15/2019,17:03:12,24,2,3,3,1.754545927,,,
User ID,Date,Time,Trial No.,Congruent/Incongruent,Expected Responce,User Response,Timestamp,,,
27FCLIS,1/15/2019,16:51:13,1,2,2,2,1.121711969,,,
27FCLIS,1/15/2019,16:51:13,2,1,2,2,1.153917074,,,
27FCLIS,1/15/2019,16:51:13,3,0,2,2,0.785408974,,,
27FCLIS,1/15/2019,16:51:13,4,1,3,3,2.153862953,,,
27FCLIS,1/15/2019,16:51:13,5,0,3,3,2.138514996,,,
27FCLIS,1/15/2019,16:51:13,5,1,0,-999,-999,,,
27FCLIS,1/15/2019,16:51:13,6,2,0,0,1.019118071,,,
27FCLIS,1/15/2019,16:51:13,7,2,1,1,0.886518002,,,
27FCLIS,1/15/2019,16:51:13,8,1,1,1,1.552976131,,,
27FCLIS,1/15/2019,16:51:13,9,0,1,1,0.869199038,,,
27FCLIS,1/15/2019,16:51:13,10,0,1,1,1.171320915,,,
27FCLIS,1/15/2019,16:51:13,11,1,0,0,0.871042013,,,
27FCLIS,1/15/2019,16:51:13,12,1,3,3,1.687618017,,,
27FCLIS,1/15/2019,16:51:13,12,0,0,-999,-999,,,
27FCLIS,1/15/2019,16:51:13,13,2,3,3,0.554087162,,,
27FCLIS,1/15/2019,16:51:13,13,2,1,-999,-999,,,
27FCLIS,1/15/2019,16:51:13,13,2,0,-999,-999,,,
27FCLIS,1/15/2019,16:51:13,14,2,3,3,1.384671211,,,
27FCLIS,1/15/2019,16:51:13,14,2,2,-999,-999,,,
27FCLIS,1/15/2019,16:51:13,15,0,3,3,1.286240101,,,
27FCLIS,1/15/2019,16:51:13,16,0,0,0,1.020543098,,,
27FCLIS,1/15/2019,16:51:13,16,0,2,-999,-999,,,
27FCLIS,1/15/2019,16:51:13,16,1,2,-999,-999,,,
27FCLIS,1/15/2019,16:51:13,16,1,1,-999,-999,,,
27FCLIS,1/15/2019,16:51:13,16,2,2,-999,-999,,,
27FCLIS,1/15/2019,16:51:13,17,1,2,2,1.219520807,,,
27FCLIS,1/15/2019,16:51:13,17,0,2,-999,-999,,,
27FCLIS,1/15/2019,16:51:13,18,1,3,3,1.171254873,,,
27FCLIS,1/15/2019,16:51:13,19,0,3,3,1.453499794,,,
27FCLIS,1/15/2019,16:51:13,20,1,0,0,0.869175911,,,
27FCLIS,1/15/2019,16:51:13,21,2,0,0,0.770914078,,,
27FCLIS,1/15/2019,16:51:13,22,2,1,1,0.920620203,,,
27FCLIS,1/15/2019,16:51:13,22,1,1,-999,-999,,,
27FCLIS,1/15/2019,16:51:13,22,0,1,-999,-999,,,
27FCLIS,1/15/2019,16:51:13,23,0,1,1,1.721027851,,,
27FCLIS,1/15/2019,16:51:13,24,1,0,0,0.670060158,,,
User ID,Date,Time,Trial No.,Congruent/Incongruent,Expected Responce,User Response,Timestamp,,,
27FUMRA,1/15/2019,9:11:16,0,1,3,-999,-999,,,
27FUMRA,1/15/2019,9:11:16,1,2,0,0,1.12054491,,,
27FUMRA,1/15/2019,9:11:16,2,2,2,2,1.819593906,,,
27FUMRA,1/15/2019,9:11:16,2,1,2,-999,-999,,,
27FUMRA,1/15/2019,9:11:16,2,0,1,-999,-999,,,
27FUMRA,1/15/2019,9:11:16,3,2,1,1,2.136866093,,,
27FUMRA,1/15/2019,9:11:16,4,0,3,3,1.387744188,,,
27FUMRA,1/15/2019,9:11:16,4,2,1,-999,-999,,,
27FUMRA,1/15/2019,9:11:16,5,1,1,1,2.07064414,,,
27FUMRA,1/15/2019,9:11:16,6,2,3,3,0.970225096,,,
27FUMRA,1/15/2019,9:11:16,6,0,2,-999,-999,,,
27FUMRA,1/15/2019,9:11:16,7,1,1,1,1.702836037,,,
27FUMRA,1/15/2019,9:11:16,8,1,0,0,0.920407057,,,
27FUMRA,1/15/2019,9:11:16,9,0,0,0,1.236310959,,,
27FUMRA,1/15/2019,9:11:16,10,2,3,3,1.036597967,,,
27FUMRA,1/15/2019,9:11:16,11,0,1,1,0.970404863,,,
27FUMRA,1/15/2019,9:11:16,12,0,3,3,0.652665138,,,
27FUMRA,1/15/2019,9:11:16,13,2,0,0,0.954413176,,,
27FUMRA,1/15/2019,9:11:16,14,0,0,0,0.687453032,,,
27FUMRA,1/15/2019,9:11:16,15,1,2,2,0.703813076,,,
27FUMRA,1/15/2019,9:11:16,16,1,3,3,0.653767824,,,
27FUMRA,1/15/2019,9:11:16,17,0,2,2,0.790881872,,,
27FUMRA,1/15/2019,9:11:16,18,2,2,2,0.85434103,,,
27FUMRA,1/15/2019,9:11:16,19,1,0,0,1.220541,,,
27FUMRA,1/15/2019,9:11:16,20,1,3,3,0.736875057,,,
27FUMRA,1/15/2019,9:11:16,21,2,0,0,1.21956706,,,
27FUMRA,1/15/2019,9:11:16,22,2,2,2,0.703706026,,,
27FUMRA,1/15/2019,9:11:16,23,1,2,2,0.503664017,,,
27FUMRA,1/15/2019,9:11:16,24,0,1,1,0.770584106,,,
User ID,Date,Time,Trial No.,Congruent/Incongruent,Expected Responce,User Response,Timestamp,,,
27MADGO,1/14/2019,22:43:11,1,2,1,1,1.686792135,,,
27MADGO,1/14/2019,22:43:11,2,2,2,2,0.93687582,,,
27MADGO,1/14/2019,22:43:11,2,1,1,-999,-999,,,
27MADGO,1/14/2019,22:43:11,2,1,3,-999,-999,,,
27MADGO,1/14/2019,22:43:11,3,0,1,1,1.053395987,,,
27MADGO,1/14/2019,22:43:11,4,0,2,2,1.669236898,,,
27MADGO,1/14/2019,22:43:11,5,2,3,3,1.551757097,,,
27MADGO,1/14/2019,22:43:11,5,2,2,-999,-999,,,
27MADGO,1/14/2019,22:43:11,6,2,1,1,2.320103884,,,
27MADGO,1/14/2019,22:43:11,7,0,0,0,0.753149033,,,
27MADGO,1/14/2019,22:43:11,8,0,3,3,1.619588137,,,
27MADGO,1/14/2019,22:43:11,8,0,0,-999,-999,,,
27MADGO,1/14/2019,22:43:11,9,1,0,0,2.036017895,,,
27MADGO,1/14/2019,22:43:11,10,1,2,2,1.802654982,,,
27MADGO,1/14/2019,22:43:11,10,0,2,-999,-999,,,
27MADGO,1/14/2019,22:43:11,11,0,3,3,1.902727842,,,
27MADGO,1/14/2019,22:43:11,12,2,3,3,1.95336318,,,
27MADGO,1/14/2019,22:43:11,13,1,2,2,1.147284985,,,
27MADGO,1/14/2019,22:43:11,14,2,0,0,1.76431489,,,
27MADGO,1/14/2019,22:43:11,15,2,0,0,0.685751915,,,
27MADGO,1/14/2019,22:43:11,16,0,1,1,1.552299976,,,
27MADGO,1/14/2019,22:43:11,17,1,0,0,0.85098505,,,
27MADGO,1/14/2019,22:43:11,18,1,3,3,1.502490044,,,
27MADGO,1/14/2019,22:43:11,19,1,1,1,0.924154043,,,
27MADGO,1/14/2019,22:43:11,19,2,1,-999,-999,,,
27MADGO,1/14/2019,22:43:11,20,2,2,2,2.336197853,,,
27MADGO,1/14/2019,22:43:11,21,1,1,1,0.786022186,,,
27MADGO,1/14/2019,22:43:11,22,1,3,3,1.286200047,,,
27MADGO,1/14/2019,22:43:11,22,0,1,-999,-999,,,
27MADGO,1/14/2019,22:43:11,23,0,2,2,0.753437996,,,
27MADGO,1/14/2019,22:43:11,24,2,3,3,1.835067987,,,
User ID,Date,Time,Trial No.,Congruent/Incongruent,Expected Responce,User Response,Timestamp,,,
28FHEFA,1/18/2019,14:28:01,1,0,3,3,1.204846144,,,
28FHEFA,1/18/2019,14:28:01,1,2,0,-999,-999,,,
28FHEFA,1/18/2019,14:28:01,2,1,1,1,1.604238033,,,
28FHEFA,1/18/2019,14:28:01,3,0,2,2,1.17057395,,,
28FHEFA,1/18/2019,14:28:01,4,1,0,0,1.369750977,,,
28FHEFA,1/18/2019,14:28:01,5,2,2,2,1.405112982,,,
28FHEFA,1/18/2019,14:28:01,6,2,3,3,1.203844786,,,
28FHEFA,1/18/2019,14:28:01,7,1,3,3,1.019701004,,,
28FHEFA,1/18/2019,14:28:01,8,0,1,1,0.986840963,,,
28FHEFA,1/18/2019,14:28:01,9,1,2,2,0.919407129,,,
28FHEFA,1/18/2019,14:28:01,10,1,2,2,0.771951914,,,
28FHEFA,1/18/2019,14:28:01,11,1,1,1,0.954779148,,,
28FHEFA,1/18/2019,14:28:01,12,0,1,1,0.487993002,,,
28FHEFA,1/18/2019,14:28:01,13,2,2,2,0.688099861,,,
28FHEFA,1/18/2019,14:28:01,14,0,0,0,1.25147295,,,
28FHEFA,1/18/2019,14:28:01,15,0,3,3,1.0870049,,,
28FHEFA,1/18/2019,14:28:01,16,1,0,0,1.453062057,,,
28FHEFA,1/18/2019,14:28:01,17,2,1,1,1.120608091,,,
28FHEFA,1/18/2019,14:28:01,18,2,0,0,1.003867865,,,
28FHEFA,1/18/2019,14:28:01,19,0,2,2,0.886894941,,,
28FHEFA,1/18/2019,14:28:01,20,2,1,1,1.401458979,,,
28FHEFA,1/18/2019,14:28:01,20,1,3,-999,-999,,,
28FHEFA,1/18/2019,14:28:01,21,2,3,3,1.021960974,,,
28FHEFA,1/18/2019,14:28:01,22,0,0,0,1.220164061,,,
28FHEFA,1/18/2019,14:28:01,23,0,3,3,1.188091993,,,
28FHEFA,1/18/2019,14:28:01,24,2,0,0,1.136364937,,,
User ID,Date,Time,Trial No.,Congruent/Incongruent,Expected Responce,User Response,Timestamp,,,
28MOBAL,1/15/2019,16:44:20,0,0,0,-999,-999,,,
28MOBAL,1/15/2019,16:44:20,1,1,2,2,1.887235165,,,
28MOBAL,1/15/2019,16:44:20,2,2,0,0,2.254696131,,,
28MOBAL,1/15/2019,16:44:20,2,0,3,-999,-999,,,
28MOBAL,1/15/2019,16:44:20,3,0,2,2,1.00446105,,,
28MOBAL,1/15/2019,16:44:20,4,1,1,1,0.804644108,,,
28MOBAL,1/15/2019,16:44:20,5,1,2,2,1.903265953,,,
28MOBAL,1/15/2019,16:44:20,6,1,0,0,0.903470993,,,
28MOBAL,1/15/2019,16:44:20,7,2,1,1,0.931205988,,,
28MOBAL,1/15/2019,16:44:20,8,1,3,3,1.653340101,,,
28MOBAL,1/15/2019,16:44:20,9,0,2,2,1.253116846,,,
28MOBAL,1/15/2019,16:44:20,10,2,3,3,0.870537043,,,
28MOBAL,1/15/2019,16:44:20,11,2,2,2,1.152817965,,,
28MOBAL,1/15/2019,16:44:20,12,2,2,2,2.269887924,,,
28MOBAL,1/15/2019,16:44:20,13,1,3,3,1.637929916,,,
28MOBAL,1/15/2019,16:44:20,14,0,1,1,1.553370953,,,
28MOBAL,1/15/2019,16:44:20,15,0,0,0,1.036890984,,,
28MOBAL,1/15/2019,16:44:20,15,2,1,-999,-999,,,
28MOBAL,1/15/2019,16:44:20,16,2,3,3,1.802528858,,,
28MOBAL,1/15/2019,16:44:20,17,0,3,3,1.1526618,,,
28MOBAL,1/15/2019,16:44:20,17,2,0,-999,-999,,,
28MOBAL,1/15/2019,16:44:20,18,1,0,0,1.253737211,,,
28MOBAL,1/15/2019,16:44:20,19,1,1,1,1.254670858,,,
28MOBAL,1/15/2019,16:44:20,19,0,1,-999,-999,,,
28MOBAL,1/15/2019,16:44:20,20,0,0,0,1.387998819,,,
28MOBAL,1/15/2019,16:44:20,21,1,2,2,0.970613003,,,
28MOBAL,1/15/2019,16:44:20,22,2,0,0,1.953244925,,,
28MOBAL,1/15/2019,16:44:20,22,0,3,-999,-999,,,
28MOBAL,1/15/2019,16:44:20,23,0,2,2,1.586575031,,,
28MOBAL,1/15/2019,16:44:20,24,1,1,1,1.287705898,,,
User ID,Date,Time,Trial No.,Congruent/Incongruent,Expected Responce,User Response,Timestamp,,,
29MSTBA,1/24/2019,12:35:37,0,1,0,-999,-999,,,
29MSTBA,1/24/2019,12:35:37,1,1,2,2,1.419203043,,,
29MSTBA,1/24/2019,12:35:37,2,2,2,2,1.071797848,,,
29MSTBA,1/24/2019,12:35:37,3,2,3,3,1.972327948,,,
29MSTBA,1/24/2019,12:35:37,4,1,1,1,1.62087512,,,
29MSTBA,1/24/2019,12:35:37,5,1,3,3,1.22064209,,,
29MSTBA,1/24/2019,12:35:37,6,2,3,3,0.985903978,,,
29MSTBA,1/24/2019,12:35:37,7,0,1,1,1.136528015,,,
29MSTBA,1/24/2019,12:35:37,8,2,0,0,0.819385052,,,
29MSTBA,1/24/2019,12:35:37,9,1,2,2,1.30329299,,,
29MSTBA,1/24/2019,12:35:37,10,0,2,2,1.103018999,,,
29MSTBA,1/24/2019,12:35:37,11,2,1,1,1.291990042,,,
29MSTBA,1/24/2019,12:35:37,12,0,2,2,1.152677059,,,
29MSTBA,1/24/2019,12:35:37,13,0,3,3,1.252748966,,,
29MSTBA,1/24/2019,12:35:37,14,1,3,3,0.753446817,,,
29MSTBA,1/24/2019,12:35:37,15,1,1,1,1.069097042,,,
29MSTBA,1/24/2019,12:35:37,16,2,0,0,1.35373497,,,
29MSTBA,1/24/2019,12:35:37,16,2,1,-999,-999,,,
29MSTBA,1/24/2019,12:35:37,17,0,0,0,0.672122002,,,
29MSTBA,1/24/2019,12:35:37,18,0,0,0,0.6867311,,,
29MSTBA,1/24/2019,12:35:37,19,2,2,2,0.70365715,,,
29MSTBA,1/24/2019,12:35:37,20,1,0,0,0.870471954,,,
29MSTBA,1/24/2019,12:35:37,21,0,1,1,0.787252903,,,
29MSTBA,1/24/2019,12:35:37,22,0,3,3,1.104092836,,,
29MSTBA,1/24/2019,12:35:37,23,1,0,0,0.786397934,,,
29MSTBA,1/24/2019,12:35:37,24,1,2,2,0.886033058,,,
,,,,,,,,,,
